,Song_uuid
0,44d00e2-4739-11e9-9be0-549f35161576
1,45350d0-9bc8-494d-87ef-f5601942153f
2,861812d-21c9-4607-8123-cde13128f542
3,bb31f8d-655b-4a95-bc84-465be1fbfb41
4,d5a3b71-6df2-4c7a-a889-52d360de77e5
5,eaf72a6-c481-4352-9884-12bdeea3f942
6,35c8116-770b-11e9-8dd7-e4434b16cb7a
7,6592593-c67b-4082-a78b-23077e4b7e15
8,55b2ccc-4317-11ea-87ca-549f35141000
9,64086bf-3e60-4d6b-802e-6b2079e51345
10,e5b009d-6cc3-4970-a69c-300180a0f4a5
11,799645c-3a7f-4605-bef6-657df33fe253
12,e6d1702-2514-49de-9d09-31e290b269cd
13,757bc2c-b5b2-48f7-b121-71af2a530a12
14,e451b6d-d1c0-45dc-8b4e-9868d4ae9e98
15,fc28812-03b8-49b4-ac09-3eb296db4931
16,96c9fc8-2f0e-11ea-a7bc-801844ee83a6
17,1068c34-e5e8-446b-afa0-15918f6fc530
18,43bf91b-8e31-47ca-806c-1f7dcb7982fd
19,3b0697a-72eb-447e-833b-6ab0747a5f3e
20,9df1a3d-5921-4a03-a08c-cf46f1dd5ad2
21,d647540-07e5-42eb-8085-5b7dcf392be0
22,bd97117-14d3-4627-a8d5-5f9f53368d2b
23,3aa18a4-8f28-47ff-a7ff-a5ef5353507d
24,7b7f39d-1910-4a08-85b8-219932a38c06
25,c4352b2-be66-11e9-8e9d-e4434b2a4898
26,6212e44-1ba8-4efb-a6e0-b9aceb217030
27,fefc93a-b76a-4cd8-b62d-82fedc2524f0
28,e00e8e2-41ea-473c-8404-c99ff8a0565c
29,b8fca8c-1539-4c4a-9c5c-5ad569983f06
30,fe88402-9b7e-11e9-b750-549f35141000
31,1743465-720f-46e1-bc7a-3b66088f1535
32,25f1cea-4c82-4447-a7d8-8f6d4df51cb8
33,8860829-3d19-4957-a18e-4d66744822b3
34,56e406d-7f56-4b3a-a718-52c7838c4917
35,73a0f07-ab64-42fa-b7c5-cde819493823
36,43213ee-6016-4136-95d3-be937f01b8b5
37,3e84f74-0ff7-4702-9e02-e88b80b30cb0
38,40f98ea-1cb7-11e9-af04-549f35161576
39,21e1d96-9c9a-11e9-83af-549f35161576
40,f22ce92-e667-11e9-8930-549f35141000
41,481d04b-bbf8-4d62-ada6-86ba3025e63e
42,c56913f-9b4e-49d6-80e8-448ec3194be4
43,025e592-91d4-473c-8ec5-8363e0a5670d
44,c67623a-767c-42c4-a8ec-5fbd5f97a20b
45,2b4cad5-7e11-40fd-ae0b-5d4c3b55b58a
46,1b7f705-97eb-4814-ab40-e2f0d576c2b3
47,0488402-fc25-44cb-890f-57c16e1527ae
48,84346d4-57f6-40ba-8503-d7b98340df44
49,a2e42e2-3ccf-11ea-84a3-801844ee83a6
50,fa6e7ff-cd0c-488a-8c32-c69c71593c48
51,c44e85e-6789-11e9-86b4-e4434b2a4898
52,56a7857-3ae4-49e1-bd13-f1c974e65335
53,3265adc-4a03-4f05-b492-1ee1a4d00bcd
54,df7122c-c5a4-11e8-9ba4-549f35141000
55,beccc1a-8b1b-4b60-9633-24919e5814cb
56,842a2ed-4067-4e81-82fd-ce0b4f597f64
57,07b3bcf-3e59-43f6-a068-2ea309239240
58,e71ec64-dca7-4101-b0b4-e84c4e2ec211
59,87696d5-939c-4940-bad0-143af1dd0039
60,93769c0-0dea-11ea-8367-801844edfa71
61,680adc1-9e8f-4c68-b047-6c0a5c39c48c
62,059b5d1-e89b-4d46-8e52-50ef07fe1721
63,04d0214-580a-473b-a80c-677616ea55b1
64,1e840ac-b54e-bdc6-9925-aa1c026db3d8
65,6854768-c640-11e8-846d-549f35141000
66,033b021-e31d-4146-a31a-a5bafe33ce60
67,311a14c-b8e7-11e8-8355-525400009efb
68,2a2bef2-374d-429f-8be4-08ea0809d87e
69,b5e42b6-a3e3-477c-8407-27a1f11a8dbf
70,946c57c-480d-409f-8c6f-6c45011f2bbd
71,8d29e76-36b0-11e9-aad2-549f35161576
72,79392d3-6e15-4cb6-93a2-5d228f7af577
73,9e5d0f9-e923-4c45-b84b-088b28ec85cb
74,dec1f66-f96f-499c-892f-012fa966a0c2
75,df46342-6285-11e9-8b13-e4434b16cb7a
76,b05975b-3623-4a5c-8fee-d211a65e5e18
77,8f187a0-5d91-45f0-beb8-5f8340ae200c
78,e9364ee-8adc-400d-bffe-c6d5bf19c128
79,64182db-b978-44b4-8c49-2115f6ab3b6d
80,d78213c-f579-43b9-a8d7-a13295d0123d
81,c4013c3-e787-45bc-a298-2966c38f91f3
82,58e4c96-77ab-43cc-adaa-d8ac09d185a4
83,5f053e4-c9b5-438d-b95a-786ac5a10d9d
84,b03cdfb-1afa-4c82-9d1a-6c2c95a768c0
85,1e840a7-15ba-9712-8dfe-aa1c026db3d8
86,e4382d9-820c-47ef-b320-cd1551c9aa02
87,cf64110-1ac9-4a3c-bb0f-7f7ffe428b94
88,95d1db2-2513-4b4e-8b71-20cab64df013
89,11652fc-ee92-4c04-8473-70301178db54
90,9b6b68f-ac48-4560-bed1-474afc994901
91,6da1e66-5414-11ea-bcf1-549f35161576
92,cd75c54-7d66-4ca5-8b73-fb5ff3c4fd89
93,f6629ba-3334-482c-8560-3657d04a31fc
94,8efa770-4ac0-4227-bc35-79a6416f6ac3
95,09be8d0-532a-11e9-ba45-549f35161576
96,0c849a1-cf7e-4216-8f03-5d6c5cd675c3
97,b9b78e1-5da5-40e8-a308-48862b72d9db
98,3d92afd-921c-409f-9e0c-bfd338de411f
99,0596fcf-923c-4631-a3b9-38cdfa521556
100,17c68db-00fd-422d-a34b-d953345ce7f4
101,51c2fa0-6fae-48dc-aea4-a54dcb9a00b3
102,f581609-6cd2-4d1f-9e32-04767e876ac0
103,2c82cb8-b8e8-11e8-991c-525400009efb
104,f09c740-3786-4c5f-8854-ce7610a4dce4
105,5e5592e-9948-4604-931a-0f69e3a1cf55
106,1d479e1-b14c-4a7c-804e-d21d23b4bda5
107,a42e771-bd31-4a4e-b902-780b5cd12e49
108,deb77e0-18c4-4e6d-9e63-6d50add08aa3
109,049c0c5-a923-453d-89a6-62c07982df06
110,4788a54-7934-478f-a1e9-5b13018bf26a
111,5e94712-9b3e-48a3-b292-2d4eba8bdfcf
112,4c9d30a-0285-4b68-99b1-c675ff0bc44d
113,9cfff26-1b38-4ce0-9ab7-984ab3f46ff5
114,d6c0f0a-43a6-4511-9fb7-5c471b2c7d57
115,78e0449-8527-4599-a4d2-bb0b78061d1a
116,63fe2af-9cf9-46b2-9331-505ff992e02a
117,cf5f336-4171-4f50-b3d1-ed2ab067a813
118,6ab2b95-4ee5-4e4d-b057-eabbdc38dbf8
119,c18caec-4c45-11e9-bdd7-e4434b2a489b
120,8f6acac-8140-11e9-a23b-e4434b16cb7a
121,1692fe4-7b46-4f6a-9861-290476cc7413
122,ae773eb-8f47-428c-85cb-727b3472b8c3
123,0af81d6-b746-11e9-8e09-549f35161576
124,d9d1499-a2f7-4ce5-818a-8a1df14051e4
125,0877668-daf0-4034-8fa4-ce722b634b65
126,20c7ac5-b682-4e22-8fc8-e4f983b4506f
127,a209210-f805-4d75-99b6-7065d4c0f91b
128,1f99a2c-1563-11e9-882f-549f35161576
129,79baee2-f58c-11e8-90ff-549f35141000
130,7f00867-66ea-454c-9649-526d72d34ce9
131,d892f30-1dc3-4379-b79a-d9fc1bf4e9c9
132,a7ec726-c4eb-11e9-b992-549f35141000
133,caf739e-1bed-49d8-9976-467d76290daf
134,aa99df9-ac20-41a8-abbd-2d7d58cbe544
135,64a8f39-754f-4415-a2f1-52ebcaaca1d7
136,02723e6-c3c8-40d0-8bde-41adfe4ce03b
137,f212423-c604-49ed-857d-585b05920d63
138,fbd722c-8dfd-414d-a3d3-0be9138fa5f7
139,31cda27-39f4-4564-8de5-ff179aa16900
140,6015f88-3dfd-4b5d-b78c-b41d01168cb0
141,30b2b58-d149-11e9-8d43-e4434b16cb7a
142,081a68e-9313-449b-a5e6-a2ab7da09af2
143,697a6b0-2be5-11e9-97ae-549f35141000
144,718f3f6-90ed-4e3c-9e6c-7e82aac5dead
145,6d3856e-699d-44b9-a9cc-158729e6a7a6
146,313db8f-e3fe-4013-bd29-0ad41710dad5
147,bc9959b-cfc2-4640-9d20-d01b2c128126
148,057a7c2-cd49-4fd0-a928-532ac7bedf4f
149,7f387d2-befc-4aee-abd6-3fb91d5d2eb5
150,74d9e20-43fd-4855-8b95-0078daaa256c
151,9dbbf9c-73e2-4626-b83f-fd20915529d7
152,b5e4071-5185-4bcc-8a41-642d8ec38303
153,8e5b0ac-ffbc-4a29-93a2-929bdeffbe5a
154,abd0953-335a-4f30-84f7-511c73f15e1b
155,3c1a9c4-581f-425a-9537-637421fc1858
156,bebd130-129a-11e9-8783-549f35141000
157,4020bcd-a9a5-4ccb-a234-381ef85288c6
158,8af4deb-5c51-4e52-baa0-0274188a8140
159,c1786ab-a8aa-4000-8c03-298e61c2e7d7
160,21de0db-7dd9-4fc9-ae5f-e33753ef25f1
161,1e8c044-91e7-46d1-897a-770b7a8e4663
162,55496e1-3536-4951-908b-fdb38a43bc34
163,5b695ae-da8c-4485-8716-2d0e80a1d36a
164,1af0c06-dec2-11e9-8dcb-549f35141000
165,add2670-edb4-11e9-b24e-549f35161576
166,ac3256a-1889-11e9-a2e4-00163ec5a2fb
167,18a80bb-d11d-4d9d-8e35-74da40fff5a7
168,1b2237a-1129-441f-a3d1-848d2513950f
169,42e6cd1-8e38-46af-8af3-49ce06af06d7
170,7fe6f18-e59e-485b-b974-487d88bd8919
171,ad7b6c6-36b7-11e9-af02-549f35141000
172,d881ded-0732-44ce-b6e2-69069c9e017b
173,f8a5b93-cf17-4f45-b02c-14ef0d8ee95b
174,55f3c01-9a9d-4e26-80d9-3614239fdbe9
175,b15c793-76ec-4f11-82e4-e9688658e6df
176,88972eb-d412-47b9-972c-80aec4a15a97
177,d563be6-1f9f-4d84-bea1-1a7a5a1627ef
178,123bafe-1643-11ea-9182-549f35161576
179,7164cb4-45a4-466b-a7a1-9d8d40814cbc
180,940a4dc-048e-4d8e-923d-d52b75dd8180
181,9678b3a-4f37-4646-b2b8-836d866cd94e
182,8f21135-1cda-4140-aa32-662f37593f19
183,aa2fbb1-a5a7-4b3a-bcae-b3cbb3f88670
184,6f1940c-c036-441f-b5af-b5b7d5586c69
185,db2069d-6cc0-486c-84f6-0dc5b6a8bd01
186,55d546d-6aca-4c5d-8b9a-98a1f0805af3
187,4884cf0-45fc-4b8f-8f71-c446e4fc4cb2
188,28b0702-bf20-490a-9cc9-2892a514d795
189,c0d29bc-4c45-11e9-861a-e4434b16cb7a
190,7378610-60ad-4fa2-b2bc-8573240cbb0b
191,63aa232-1ace-4ab7-8ffc-7b861b9668a6
192,73352ae-a957-4b05-a313-39db7f6bd202
193,09fd8ad-4ab9-4bb2-8242-bbe92348a57c
194,63da2ce-ba95-4438-bbf5-94d06edce770
195,f83a9e1-40c1-404c-9d3d-556e1ad2ae1c
196,168252a-63fc-11e9-a792-549f35141000
197,80e77ea-c680-11e8-a794-549f35141000
198,63c6246-3192-47cc-89dd-34bfd2fb4d7e
199,cbc351f-e06b-46ec-8695-03f3df66ee6d
200,89c3f17-2ba3-4a41-86c5-7b19eae97e1f
201,bde4471-8546-48cf-a850-1c8cd0e655c8
202,f1eeeba-c662-11e8-9090-549f35161576
203,731ee17-9c79-4e58-b2fb-667a847b566f
204,d2a3a2d-94c5-4f35-b136-21a790bb2871
205,be26a5e-66df-4234-aa7b-afc4c87b1dbc
206,69c2152-c648-11e8-8cd9-549f35161576
207,1e840a5-5f26-265c-8a4a-aa1c026db3d8
208,181eee7-0452-4f48-9188-65554a341554
209,eb5fe3d-1114-4121-94df-40a5432c2e6d
210,9cf4ccf-59ac-4f0a-9c07-a1c1b361c847
211,0ee3a38-0c4a-4c91-a8ea-9d6cdcbcb233
212,286fd13-caf3-4ea2-afcc-4d56f4bdc2f3
213,363cc17-c885-4ed5-a60d-559fef5630ad
214,9dbb3f2-e53d-41a3-b6c7-8428f4f4a642
215,1e840fc-32e7-ce90-b640-a0369fe50396
216,3cbb89e-a458-4508-b09b-5eab0e1f2568
217,aa06fec-6174-4138-b5d4-24816a29bcf9
218,449a6b6-7c1d-4aab-9b5d-92ac44649bfe
219,4837f65-41ff-4e70-80ab-bb789ad77f6b
220,118943f-b2ca-4342-8e17-b7f9a3b11e2a
221,53a38cf-5df3-4645-943b-573d04f1ecc7
222,4e9b6f9-0318-4e83-af06-d8cd37b31af8
223,3bf7c17-9803-4638-b425-3337fdfe6372
224,dc8cfd2-3de6-4027-b692-92ee5da553b4
225,3351a90-8f7e-11e9-a4bc-e4434b2a4898
226,1fd3a49-3aaa-420a-a754-c541833e0021
227,23506f5-50c1-4f4f-987c-84ac8fbaa42a
228,cff63cf-edfe-4d1d-be45-c7b85ed55fe2
229,e5a2ca6-21de-4d3a-8dde-4005307d1f69
230,07abe58-22ab-44ee-bf48-0066cf710623
231,96571b4-4d71-11ea-a2b4-e4434b16cb78
232,eb83a80-019e-4d8c-9f52-01e35c3c6a24
233,bf13486-7b8d-43b9-803f-fc5f322808a2
234,1b8fec9-69fe-4276-9174-6f0d2e33996a
235,a948b90-71c9-4911-8082-10da007f0ebc
236,7c63d58-863e-11e9-baea-549f35161576
237,6e48b6d-9196-4768-ace6-63586f9fd6c5
238,580bcd1-917e-4a2b-96f6-775067ff3ec0
239,d3e8074-dc73-11e9-bbf6-801844edfa71
240,1b9ff83-8e43-4e45-9137-199e8f86b234
241,36bc74a-66f8-4a2d-826d-459490570403
242,42f00ee-1f90-11ea-b47d-549f35141000
243,d0c0f5d-80b4-4c0e-9b27-8ddf09ac2643
244,d158c22-f011-11e8-803b-549f35161576
245,c53d425-6685-47bc-ae09-21d3a73fb177
246,8cf84b6-c166-11e9-8dcb-549f35141000
247,3fd79d1-21b6-43b4-9a49-1a1126a6f977
248,fd0f37b-7257-4cbe-948b-46716fd37505
249,8c9b1e9-6fa4-4253-b257-4f8503a1a5a3
250,8a7b326-85ba-46c8-b380-45f40d464065
251,2d5853a-298a-11ea-a3cf-549f35141000
252,9f45020-ccab-4e3d-aa7c-e428f04a3e76
253,23cbc22-fa25-11e9-ae5a-549f35161576
254,c125b26-4c45-11e9-aba2-e4434b2a489b
255,799ffca-aaaf-4807-9d69-8fb39099278a
256,baed7e5-505c-4836-9ec8-4c7d5dff4210
257,1883b28-7fe3-11e9-b3f9-00163ec5a2fb
258,a86ca4c-0997-406f-8317-bf9871d0a1bb
259,03d095c-9b66-4278-b0c8-f7538b7122bc
260,3f1ed69-fd64-4202-8e38-9ba5d9444106
261,3494fee-f01a-11e8-aa0e-549f35161576
262,e29d490-0dcc-11ea-9bae-e4434b2a4898
263,ec05f77-0bac-419a-be1a-7ca963408e1a
264,3c5b240-7a79-4387-8031-b85deec67d16
265,a6de59a-71ac-41e4-be61-f538aa27d1db
266,b6a4fba-387a-11ea-97ce-549f35161576
267,ef55aed-d0c0-450c-a5bf-b38e0175a085
268,98d2406-c658-4450-be62-2edea0c967b7
269,eb1c7e4-4e4c-4757-a86f-45796394d584
270,fbbb80e-50d2-42da-acfa-62f9126ca7a2
271,56aae10-315d-420a-b233-3317ff695127
272,c4ee36b-1613-4ce1-b037-1a5ccfd44447
273,cc0046d-b8b4-4d5e-8ce5-dbb78460b7fd
274,82535c1-e31a-480f-8b1a-42907cd4fcee
275,acfdd36-0bb7-11e9-9e30-549f35161576
276,c8eab7a-7a06-488a-a1fa-e439e7e77d36
277,f8a9f45-de47-4972-9679-a3ecfa0d0c1b
278,5095b0f-c836-48d5-a655-06eeeba7a634
279,ef384e9-04db-405a-abf8-15200cc32f91
280,51c3cd9-5fb7-4143-b223-f2e57cd05812
281,98874f5-7fee-4163-98f7-70f637db013b
282,2d36d0a-8138-49c6-a49a-4eadfc4c1e8f
283,d8549b7-971b-4839-94a4-841f860a7739
284,79b3883-cac1-4da6-a1ca-df05002df96c
285,0b9d7b3-9c99-468d-be74-66126b42fe0b
286,cc1f695-83ee-43cd-aa43-174ad78ddba0
287,e0f8146-9670-4434-b4da-4d7d2ef0d83e
288,0ed9d7a-a8cc-48ff-93be-88a3f02c5ede
289,81a7dc8-d5b3-4ef3-ab0f-6adb3592f900
290,85d088d-a4d5-460c-a78f-c75c8d614fc5
291,cc8214c-d608-11e9-97d1-549f35141000
292,d550bfa-127e-4a90-8356-16d3e67797ad
293,b91f0b2-d72c-46ac-bfda-668da3c573f1
294,2322357-dc9f-47a1-b795-98960d6df9a6
295,f4e4a3d-7af0-491e-84a3-e6efcba00a17
296,0314121-dba0-4aed-8240-835281e50337
297,08896dd-4034-41ec-b955-c3aed8f99c20
298,b71d031-df65-402e-8efe-3baab7ee7b09
299,7d627b2-c1a6-11e8-9790-525400009efb
300,19f7ad9-86f5-4114-bb2e-afb714e90880
301,ec59178-fc36-47c8-afe6-cadea387be51
302,81b5c72-b7ca-41d0-aef1-efddcfffb184
303,4b79745-c84b-4005-a695-fb570eda5fba
304,d5c9ee6-e1fd-11e9-adaa-801844edfa71
305,bc38b4d-8b17-4995-8910-4f5350324648
306,e9a62e7-24af-4d35-ac01-15a32f36d41c
307,3fa66e6-3938-4a7b-bc00-b0d30ef2314e
308,89604fe-f3ca-4d4b-a1af-e82cb845abf9
309,d85f4a7-ec9c-413c-a057-340444512342
310,8849f8a-6082-11ea-a813-e4434b16cb78
311,a2e15ea-cf58-11e9-969a-801844ee83a6
312,ca3a6a7-3dff-4bb1-b79b-6e19f8d33f73
313,465bb6a-3b2a-11ea-861e-801844ee83a6
314,ae4dd57-df0c-4f98-9ec7-42f16671227e
315,ccf16d0-f07d-4b85-8f0c-4c074ab88f26
316,da39014-4a83-11ea-93ee-801844ee83a6
317,d4806b7-3547-49e9-97da-a6ec64f43669
318,e9cef4a-52ba-4ecc-9d8e-2ea71bb1430d
319,b9548b5-8d00-4c56-b463-9e0cd106e28f
320,f6a2504-0ebb-4ee4-9a8d-fcc5f8c90b71
321,98f1863-9956-4d8e-bd12-34665d934435
322,d7ed3a8-395b-4dfe-9984-5ba73c3da18f
323,7160592-2d73-11ea-a115-549f35161576
324,63e0c0c-83fd-463b-a1b8-26b42ad73e08
325,b91816f-29f2-4b47-a5ef-3941406b9ee0
326,462329a-2fa2-460c-af8e-93e7603b8f0c
327,34598fc-cd53-4ad0-ba12-a55ce988631d
328,a6dc6fa-a686-42f3-a0cf-1434debd177e
329,6affbdd-a1ff-4f73-b363-c113572a5f5f
330,db0dcc5-259f-4b04-926d-162e65469002
331,43ebb0f-a8d6-4c20-adcb-ff8c7dc450b4
332,be0b7f2-e6c5-11e9-b501-549f35141000
333,fa1424c-aea7-11e9-9ef2-e4434b16cb7a
334,7437f84-c195-4c6c-801b-2b2e077f8bef
335,fa5cfb3-9658-4edb-84f0-4636aade716e
336,f7a2f56-fa32-4622-98c1-13ddab39fcea
337,3fc5c02-2d6c-4490-a6fb-02177e9c0afe
338,78cdcb5-4a79-4618-9cab-adebaa0706e2
339,a1ff725-2a76-4856-9321-422483658e72
340,b12d5bc-240e-11ea-bbda-549f35161576
341,05f8e39-a18e-4d75-b00d-3db248d506ab
342,6400a3d-e7c7-489a-b3df-83b3303002f5
343,a2d33ef-2000-4ef7-9f02-132fc1a4a4e1
344,7e45666-6577-4bd7-bd39-abbce2e1de04
345,de06da6-58ae-4d03-a387-728b8b68c0b9
346,abb2af1-99d7-4a3a-a6db-efe8bc78aceb
347,417bb03-6cf1-43be-99db-6ae02c0fc444
348,bd2c160-8f7b-11e9-9b12-549f35161576
349,2fe9d00-09ed-4101-90c4-a3755a59a9a2
350,ae59cdc-b2a4-48dd-861f-753a46c5a437
351,1e82630-a962-f400-89a6-aa1c026db3d8
352,a5fe2c7-8b4f-4435-8f8f-0eaecf7429d2
353,8cdfcea-c953-4698-ae74-ac59b009f01b
354,2881d1c-02ab-4611-aece-6bb9f9f8d047
355,248c715-c362-4c72-9c2c-181c8b512d1e
356,9376b80-7a03-11e9-ba5f-801844edfa71
357,0a035af-d1fb-4b2f-b1c3-99b2bd5c9def
358,1e8407d-43a6-ecc2-912a-a0369fe50396
359,e94011f-dee2-41ba-a834-0cabe56c227f
360,c7b0014-5b8d-11ea-8e20-e4434b2a4898
361,0ddf814-ba57-425f-a4d9-41a397f41cac
362,bcc2a9f-e209-46c8-b2a7-a52ea5a8709b
363,014c8f2-6a27-42e6-a6f8-4d83284a58f8
364,e31b150-7bce-4d96-891d-fc1db103ddd1
365,4172bdc-36a7-4d0b-9cfa-2d6de7bd7c4a
366,d24f364-6a81-49b3-a5a2-eaca7aa57be8
367,247061f-792e-4ed3-b53c-48bb02c4dec9
368,3501004-5215-11ea-a8f8-549f35161576
369,9c1c32e-db75-451d-80d6-33ec874451ab
370,35fc7cc-2fa5-42ac-8621-f1b1d74c5f97
371,313b68a-3511-4151-9d1f-7d95f2ec1f22
372,96e09ad-1b8f-4438-ac56-826fbb07b9e3
373,7e68b3a-f5e1-45d6-80fb-ac455471a56e
374,391ada2-0b2a-4827-8371-0f9f593b902b
375,163d5fc-fb7b-11e9-adfd-801844ee83a6
376,1295805-15f0-4e3f-a341-a0773e765f60
377,fba5f81-b683-491c-a6e1-377789977fc5
378,f440a1d-63fe-47d4-9d28-564c9afa7bd5
379,974f25f-4977-4ca4-bdf0-706255e08dda
380,ed419f2-ac51-4fda-afbd-774a9c4a535a
381,7c7c37c-ce5b-4f86-8ed9-e5f98bc4b556
382,2e4899c-c4df-4af3-9f87-6b9f61bd942b
383,c8462bb-4727-4099-91d3-90c77066a981
384,ceff7b4-bbc6-49c6-af48-7d3c3b46bb3b
385,bda2ecc-8a18-11e9-9183-549f35141000
386,88c9734-6fb2-4e73-ad92-a926ff52f567
387,1e840a9-7139-33b2-bf75-a0369fe50396
388,ee9a9f3-d5d0-471f-a75a-42e67de66ca5
389,2c728ea-dbdf-4c6e-8f83-bfa830864c0d
390,2cf2ddb-1f03-4ef8-91f4-8805b45e3eb5
391,d9ed983-61a5-48d1-aa57-95b0547a1e7f
392,4bb4bab-7df2-42b0-ac03-80d7ad5658e3
393,12be206-fd84-11e9-b63a-549f35141000
394,8bf849c-06ce-43a0-9dab-c84305f54329
395,66089a0-a8a5-46eb-8b92-eaaa30c26a08
396,7c5556e-9c96-4735-abfc-21982aed0709
397,48a5dff-e062-4415-adfc-000e19b0cf84
398,8a82800-a653-43ea-a687-e94faf2a96ac
399,f1507c8-827f-49bf-9055-21cc15f31ed6
400,478c3d6-fa0e-11e8-9514-549f35141000
401,9c7eef4-deb9-44a0-9ede-2b72c82cd4c2
402,12c9bf7-c2c3-42f5-bde2-b6215fd72376
403,e4d4eab-3916-4628-ab2d-4954f131a3b1
404,21484b8-a88e-42c1-b97f-a5c4533c88ed
405,98eab26-9bbc-4d11-aaaa-c7e5d0bd3f08
406,a750c2d-758b-43cb-b975-0884140ea6bc
407,290a17b-358e-40a7-b771-d449506e5539
408,7a2d578-5e76-4661-906e-da6a4aa135ce
409,08bbb79-8298-40e9-b8f5-31478a267275
410,b7faaae-0d8a-44da-8310-3dd995ba911e
411,d0ddc70-dc2e-11e9-a0dd-801844ee83a6
412,2867cd7-b6a1-4bd0-b8cf-78d00241ba81
413,a400445-4537-4b9d-b2d5-d2830de241b5
414,1c36450-5928-4092-952c-067d9c4c1f32
415,91f2a46-3772-11e9-87dc-549f35141000
416,866fe3c-ecd1-4073-812e-168c419d354f
417,3083ea4-aee3-11e9-b65c-549f35141000
418,716090c-12b7-11e9-9bb7-549f35141000
419,4a352c6-86f0-439c-a5fa-7f822882239a
420,02866e9-c216-4fde-80f0-241fd93f8bf3
421,a008e22-9a35-47de-bf99-34558bfff989
422,1e8409f-fa2a-8d38-8768-a0369fe50396
423,129d7f8-973d-4e93-bce4-7823dde9f87e
424,cea4283-8658-4750-9472-1b2f2e9d103e
425,e5ae0b2-cb76-4b77-ad51-728c8ee7e101
426,015b676-4b73-4b44-9eeb-1547b16aadb7
427,13e44b0-7c68-4261-8887-7a28cbf52fb4
428,cf5da1a-d80f-439e-854e-2964ec803a15
429,ca5c38b-21ac-42b1-b3e2-d4985119f839
430,52fa85a-2961-46b3-9bcc-0e6ad8c0f57d
431,3a17220-9901-11e9-be9d-549f35161576
432,d7acbc2-b14a-4b44-a914-e033b2adce61
433,64f4797-2abb-4508-94ee-095b5c3c5825
434,1e8409b-3990-9184-91f0-aa1c026db3d8
435,3ae1783-b805-4da3-9bda-bf8883385647
436,9a5b550-306b-11e9-b353-549f35141000
437,3cb1042-89ac-11e9-9216-549f35141000
438,8fe67aa-e221-4ca6-80a2-beb56a22047a
439,7d0bcea-bd42-482a-ada2-a812d66c89d8
440,62b20ae-466e-11e9-bd29-549f35141000
441,ade8031-abe9-4844-b768-ffab3429158f
442,9178fe8-73a1-40c6-a067-7e649376918f
443,2b31e9f-5690-4256-9bd6-32ead32b40c5
444,9c37684-ad59-11e9-ae51-549f35161576
445,3b5cc76-1658-464c-ba1b-7f654f9011d6
446,9049354-38cf-4507-af70-caaf553f5a85
447,9508af7-ff8c-46ac-b032-1067ef6d994d
448,d2914ce-d115-11e9-bf07-549f35161576
449,2bd3448-e51d-11e9-a438-549f35141000
450,93e2d26-e46c-4c7e-9154-40f7f81d4204
451,388f3ec-9fd7-4548-953d-76dd7ddf03af
452,21cc61e-c63e-11e8-93ad-549f35141000
453,c0677b6-4c45-11e9-9b09-e4434b16cb7a
454,516aedc-dc65-49ac-bc85-a2ee4589d669
455,952a4eb-bef4-4c8b-9269-c70e874accd9
456,e84b71e-ce6b-4227-b1ca-917c0ef7cc9c
457,fc6e9fc-75e3-4f71-8b36-4ebf8295e979
458,9e822d4-89f6-490f-b63e-f7e3c8658119
459,4fbbac9-ba07-401e-ae53-ae4c9ecd9855
460,220123d-4e29-4691-870c-2d38565f2d40
461,a452385-5634-4e7e-90a8-9b25affd2c53
462,9d70846-f3a0-4478-a915-606943352391
463,dd5fdc7-6d12-46b8-9a28-eda54177e229
464,d70cdcf-886a-4e30-9c78-0c003a47d3f6
465,d08b3a8-7183-4862-8052-309593bd0c4b
466,0e704f4-2416-4ee6-ae61-4a77bf6b9675
467,1f1ba48-b748-4a9e-8287-d98057e68b05
468,c20c3d8-c474-11e8-a589-525400009efb
469,c7d7bdb-e052-467e-80cb-f00161750ef6
470,ef3f652-0f2a-4c52-a831-1dee319ec442
471,6da0e51-7280-4165-a3d4-5b1540b306d9
472,d45e51b-5813-4479-bb7d-9e447a8e671d
473,35e5b78-9194-4428-a937-de1826b7c156
474,eca8e4d-cc6c-4055-8f82-f07beeb7bac0
475,abe4d58-d5d8-11e8-b564-549f35141000
476,d570afc-51d2-4555-9f8f-e78d774992cc
477,70e3af4-ed15-11e9-aa64-549f35161576
478,dff0159-5b1c-4206-835a-23cdcdf71db6
479,981572e-4aef-11e9-bf1b-549f35141000
480,f1a583a-0109-4dc2-adef-6626c0516425
481,d340c12-5902-11e9-9c4a-549f35141000
482,a0f28a9-a7ef-4b96-8de7-53e966ae06d4
483,6d2e293-b26b-45cf-ac8b-fb9ef8631c32
484,d60996b-2d3b-4cbf-bf60-9d5f0cd4a532
485,7654b75-a3e4-4bc9-a401-e4f292341947
486,a37848d-ed84-49f2-a7d1-8ab819fc116a
487,dd52712-dfc3-4483-bb7b-52011c5b5cc8
488,18b7223-2c89-43c7-8296-4320cba46549
489,1b87d55-5a17-4ad1-9486-a1f7abb2bff1
490,687099f-c52d-441f-909e-4edbc81f584a
491,f3671cc-9569-4796-9aa7-1e0035e22574
492,d663c2b-259f-4708-bb83-75b174992040
493,f1bb216-103d-4881-b6db-bf794f426a2b
494,91a7476-2a37-11e9-bca3-00163ec5a2fb
495,91e7982-e8a8-11e8-be10-00163ec5a2fb
496,4477128-4e90-4404-8238-d3e5dc30a774
497,de7c138-9fc7-11e9-9ffc-801844edfa71
498,5114e44-e3de-11e8-8a16-801844ee83a6
499,58ee611-c1d5-4bfa-a83c-e6d87e98e670
500,8469731-3741-4549-976d-2860e8b542d5
501,a31e3b1-025f-4033-a9ee-3552e96d4c35
502,cf8cd83-79ba-4c2d-a3af-c17cc9d9ef44
503,535dddc-53b3-450c-ada3-2010d0555c5e
504,25e4e45-12c5-4010-bc5a-070b8be4787a
505,6fc55d0-baa1-4b02-aaf2-afccd98aa781
506,75b7d2c-82c5-11e9-aca3-549f35161576
507,547dfa6-3812-11e9-9140-549f35141000
508,aebb7e6-6f8b-4e7a-aaa8-46a71efb4643
509,ac6524d-5e4c-4917-9a07-4f39fa755785
510,60c4c3e-225b-4300-8efd-59a762460e70
511,48aae0a-8f75-4ac0-a74a-9bcc767d069b
512,d4ce842-4b44-4668-a27b-990a3760a021
513,62b193e-ee9d-11e9-851f-549f35161576
514,caa890e-dc4f-11e9-b94a-e4434b2a4898
515,39cab73-8219-4206-a8d6-8912727900b2
516,bd8fa7b-9019-4b3b-8ead-044645c2286d
517,a6e75aa-046e-11e9-a4fa-549f35141000
518,ff10f94-6d8a-4f86-b47c-69f37dd08856
519,95d377c-b8de-11e8-9b48-525400009efb
520,c2e3a54-8c3f-11e9-bdd8-549f35161576
521,f61e0ee-ad93-4b18-bd7b-ae9e43b20c66
522,30b79e6-624d-40f9-84ee-bdcbc7bc0f0a
523,eeee586-cf41-426c-a7cd-f043d2563aca
524,50291dc-5731-11e9-9668-549f35161576
525,72d55e6-0377-4c7e-9701-1d968b58df34
526,b168ce1-b580-49f4-a50c-81bf2246237e
527,453ed6b-c631-41bf-92a8-861993cd7ccf
528,5f503bc-d0ac-11e9-9b15-a81e84f2a475
529,45f097c-7fb5-455d-9bd8-b5cf5240ea6a
530,b78bc26-c648-11e8-8bba-549f35161576
531,c242b1e-cbc9-44a6-b5b3-21a7dced43b4
532,80dafba-b8e1-11e8-abb1-525400009efb
533,4d454d0-b8ee-11e8-b7e1-525400009efb
534,2a032fa-7440-11e9-afd7-00163ec5a2fb
535,05d0381-8bd4-4153-a1fc-3d1bfd4dac00
536,261f0fa-2af3-4936-a0c0-3c52326c24fd
537,59e9898-d95f-442f-bd96-b7a0a2b1a1f0
538,0dae153-0d55-4cd0-ac99-b928823a1046
539,a760c8a-0256-486c-99e3-dfe2352167d7
540,25ed87d-86b3-4883-bbc4-1430d32b41ff
541,f0c6ca2-29ab-4858-a6c8-183201ad19ac
542,207dd32-0aa3-11e9-aca6-549f35161576
543,cc1cd3b-3b1c-4306-bd0b-f6cdf7d44a79
544,ed72e8d-8546-4bad-b001-b15ae3e67be2
545,b6b317a-604d-11e9-a05e-00163ec5a2fb
546,b782996-c648-11e8-8931-549f35161576
547,0c04651-626d-4e97-9af9-8961c1ae6bdd
548,e9894fa-5fde-4050-8834-3b6180d8273b
549,3867426-2db8-11ea-b4bd-801844ee83a6
550,66d928a-6ca7-45ff-b5b5-82731b683118
551,8b6a11f-0542-4c93-9efa-a873136795b1
552,8d22807-bc94-4f2d-b2e5-5ef080a76d78
553,e1bc797-11ee-4b7f-a956-7d3e956e69be
554,a56630a-8ed7-4ab0-a4e5-ff259ec6faff
555,ac1b260-4d3b-11e9-800d-549f35141000
556,dad4c29-f7fb-427f-856b-044a7c629368
557,7708164-57f3-4879-895e-7136b546707d
558,f77abdd-342f-43f3-8992-7e724643b397
559,815602d-08c0-4a70-a5ef-7ce59a43bea3
560,3a7bd08-8cd1-499b-8b73-cd7a94d1801c
561,744b5ef-99bc-4ea7-814b-8cb0fcaa8f7e
562,5eb0271-5f85-41b6-bbab-ae7c400a7315
563,65486c9-e249-4c2d-ad22-cc38a741cf8a
564,8f1344d-c813-429d-aa6c-c702d2df3b62
565,1a10f82-34ea-4c56-969b-e8038700fcdd
566,75e043f-6327-424d-8ae9-84bb714b97c4
567,abf13e5-7b94-4f0f-87e7-0e55373eed6f
568,41c966c-1f72-4988-a9c6-6b10d76de9ac
569,c6946f1-0a20-4974-8667-68a579b42206
570,8a97939-0532-4330-8c4b-dda1cd4db3c9
571,fbc029d-040b-409a-b66f-c2a053197203
572,8344524-0995-49c8-a9db-6e3f701633af
573,5a8dba8-83bf-4fc2-9687-ef246b33c441
574,318a6e0-6863-465e-9b98-bdf61b2d0939
575,2ce6f44-d261-4594-b4cb-1e1e9ca45b9a
576,d16781e-7da7-11e9-851d-549f35161576
577,85f5357-fe0c-4712-9b6f-bd33f8b84e28
578,26dfbe6-81bf-4529-b2e3-a5ba8e5f3bbe
579,98ebc88-4c08-4f4b-a315-c00c162e02d4
580,fccad77-6d56-4552-b88e-840d9f1f8bb1
581,a1a36cd-acf0-40cc-bb29-37305d96ec8b
582,8615650-5b4a-45e7-bb3b-39881eb3b4bf
583,d12d090-c8bd-11e8-95ec-549f35161576
584,0cacbe0-8a63-11e9-be6a-549f35141000
585,56e9830-c686-11e8-bcf0-549f35141000
586,2005ee9-f120-48d7-8adf-7e328d663c99
587,faf6113-7db1-46c0-9c2c-3f146b729d8e
588,9ad2d1e-767a-45f2-bd3f-5a05f2e65275
589,d330271-e888-469c-8a49-5a05125e9f11
590,d5dfb29-f6f9-41be-8d55-b934dd602d49
591,e4e3566-f71a-4a9e-adec-5bac151aee96
592,3fb3190-589e-11e9-9f0a-549f35141000
593,91a6f28-f3bf-46d6-a9fc-d414b2f96fd3
594,07adeb6-ed13-11e9-ab87-549f35161576
595,371f617-11db-46c1-816d-d2bc6115f36c
596,53d6400-f216-4a0c-8db4-17bdedd59439
597,bc02564-44ee-11ea-9fc4-801844edfa71
598,523a640-041f-4924-865a-53ae5c4f6578
599,f3be676-c28f-11e9-9915-549f35141000
600,914fed7-81d4-4a22-8b56-5935cdb639c1
601,66682e8-e8c6-11e9-8fe8-549f35161576
602,bec5308-0a78-4417-8c31-01678e6038fd
603,a9f4cf7-7c01-40a4-8613-67f90855c0c6
604,9310290-8570-4643-9620-9adad9c719be
605,f18fb80-e2b3-4dd4-b808-643ca1c1355c
606,da7bb6d-2f0b-4f0c-8195-7dbfe705aee7
607,268d916-a52a-4281-bfa0-b3dce66b9cb5
608,239fbef-5b9a-4e70-b3bb-705726b4e2b9
609,f8a61e4-4bec-11e9-ad27-e4434b2a489b
610,1a82add-b8da-48fc-956a-d79ba4021737
611,2400f56-5b20-4f5d-8b11-362f53b73a6d
612,8469690-c1dc-404f-b8b7-259526527efb
613,0d4fa39-7f28-4d5d-9b95-75725c498223
614,1e8410a-897a-fc06-9af4-aa1c026db3d8
615,edccd13-8c36-4f96-ad8f-280333595d35
616,c37c1b4-923e-4963-9bcc-9fe7f73640bb
617,9324116-5d53-4163-9048-5490ec95465d
618,8a565ef-949b-4f2c-82f7-cbbc7497513c
619,5254825-c8b2-490d-bdb1-c3b6f6edddd9
620,85cf13c-3a81-11e9-b76a-549f35141000
621,e28f980-108c-4889-81c3-48572a3c9893
622,0751ee6-8934-11e9-b02f-549f35141000
623,0ca7f38-b798-49c9-9c54-feaaa08b45f9
624,84a369b-1664-4641-a4ea-be6a8fd6eb66
625,24f38c8-59fd-4c6a-b1c1-815519da52ec
626,6a8a0be-c605-11e8-94cc-549f35141000
627,8d11b7d-f2a1-492c-aebd-39f55a256834
628,6ba0937-96e5-483f-acb2-9a1d87ce9348
629,f0914f8-bca6-4bab-9959-19f0e1afe087
630,8cd08d2-79cf-4fe7-9133-2b52580a8af4
631,9ef8424-7ccd-4b82-9af7-e3a91e6309f5
632,821a68f-7736-495a-b5d8-cbac562289b7
633,cdbbcfc-251a-491f-9321-98148b7086b1
634,c210409-89af-4e02-8ad9-f4693b2829b6
635,9a77b68-f6e5-47ae-8245-b290b784dc50
636,187a3c3-2c8f-4a89-90e3-cb1470169e47
637,24819c0-31fa-11e9-8db2-549f35161576
638,7046407-14ef-4b27-ad7f-1e686450a559
639,14d4986-7834-4110-aada-07e17fa55c3d
640,a32e162-39ed-4565-b45e-f100aa972db7
641,5ba9905-d66b-405b-a26e-d23b405fb82c
642,1e8409f-981e-d932-a8ea-aa1c026db3d8
643,42fce82-bacf-4b99-a272-245acecb66af
644,bd0d145-5327-40b9-8d35-8ab557555974
645,5ac5aa4-50c6-11ea-9c7b-549f35161576
646,d442aa6-b067-46a0-89d8-8829193cc496
647,09645a5-e433-420e-bcdf-ee3f62230bb3
648,ed898ac-bc76-11e9-b69a-549f35161576
649,e810d7f-1071-4059-b884-b49083aa97ab
650,c3347dd-b66f-48d5-9a3b-0e4793ffab1c
651,ad23c6a-831d-40bb-a9d1-f2387b241a87
652,eb2f0af-317a-4c73-aaa2-686b754b8374
653,87d1704-5698-48a3-902e-d1b1319519ed
654,b2a02e7-af0b-4068-b44f-e7750f3edec8
655,743c165-3dcb-49c6-a2e7-44f110a51107
656,0aeceeb-532c-44fa-b194-c92e9239032b
657,fe886f9-9163-4f37-a954-2a4ffe35d104
658,46a1a77-d5da-4f14-8751-c6741cb1c19f
659,22d5a61-5b48-44c4-a45a-5ec4bef43b56
660,26e5132-5b00-4109-9052-fe7aa730a471
