"","uuid"
"430","02f5fb08-6621-40c7-95d9-817e6b1d382d"
"993","06d80f0b-309c-49f5-beff-81c6556064f8"
"1855","0c86ed1a-09f6-48a5-9236-fcccafcc952f"
"2209","0ed5981d-d214-4ff9-be05-20cb79f94d61"
"2270","0f4ebfd5-2298-48ec-9188-98de1e6971da"
"2347","0fe0700d-c250-45e8-9ce9-0913e3b2c639"
"2396","10492fbb-d32b-4c1c-b490-5b8a9fd7ebe3"
"2623","11d83767-a87c-48a3-861c-3223f34999fd"
"4656","11e82613-fa53-2fd2-ab33-a0369fe50396"
"7830","11e8261b-e3c9-1a62-8592-aa1c026db3d8"
"9695","11e8261f-6891-c3b8-953a-aa1c026db3d8"
"10135","11e82620-d771-55ae-86ee-a0369fe50396"
"10230","11e82621-0cbe-bbb6-b7c8-a0369fe50396"
"11916","11e82626-a036-bf56-a67d-aa1c026db3d8"
"12274","11e82627-6523-7d72-b87b-a0369fe50396"
"14379","11e82631-07d3-6da8-93ca-aa1c026db3d8"
"16170","11e8263e-614b-0e74-bb80-aa1c026db3d8"
"16175","11e8263e-6184-ed4c-8f5e-aa1c026db3d8"
"17491","11e8264e-d3e2-df9c-b2c5-aa1c026db3d8"
"18659","11e82666-a2e8-6f48-9398-a0369fe50396"
"19001","11e8266e-7e8f-a8a2-adff-aa1c026db3d8"
"19225","11e82675-0f4e-d286-ae08-aa1c026db3d8"
"21079","11e826b5-a289-a464-a686-a0369fe50396"
"25383","11e84081-4d86-6228-94ef-a0369fe50396"
"26764","11e8409b-573b-0d68-a46e-aa1c026db3d8"
"27111","11e8409d-fc2b-e39a-baae-a0369fe50396"
"28009","11e840a5-95ff-98a2-95c5-aa1c026db3d8"
"28133","11e840a6-5ce2-6d78-aa3b-aa1c026db3d8"
"28933","11e840af-5299-422a-a35e-a0369fe50396"
"29961","11e840cb-d6db-85a4-91c2-aa1c026db3d8"
"30107","11e840ce-1a52-3498-8b65-a0369fe50396"
"30743","11e840e2-8681-973a-a2fd-a0369fe50396"
"31108","11e840f3-d288-62ba-bc01-aa1c026db3d8"
"32897","11e8633b-5585-536c-a1d1-a0369fe50396"
"33360","11e8aa00-8367-9450-a890-525400009efb"
"33917","14328058-d43c-4d21-b034-8927de3b6265"
"34088","15606334-def3-4da5-8986-df79854d17a3"
"34497","183844bb-5a81-4823-a00b-d7db46bede6c"
"34839","1a9667f3-df5b-42da-aac4-b9798eec0386"
"35475","1f13c90c-436a-4114-93f2-b8fdec1e2e73"
"35510","1f564eae-e3b0-11e8-bd4b-00163ec5a2fb"
"36220","24062f5b-784d-49e3-8a07-ecdccf413dcf"
"36295","247a9c70-95ac-4705-9ef2-eadc433ea687"
"36646","26cb7dd7-e8df-44a1-87bb-3f5ccf708eb8"
"36801","27b4ecb3-9600-40f7-8f1f-8075b33017ef"
"36874","282ab464-f795-4a26-a268-dd01cf7f4da9"
"37617","2d2c9586-a3ab-4ced-8fe3-09c07ceb908c"
"37877","2f14de7e-c7e8-4fba-a49b-fcc84bf97809"
"38343","324bd48d-15be-4d28-b5b8-f5b011149a93"
"38625","34431a76-e3b1-11e8-9173-00163ec5a2fb"
"39772","3c9e763c-5925-466a-a96e-d48f0b1dcc9b"
"40524","4142918a-e882-484c-a765-26e276f48c78"
"40628","4202568d-dcd4-4b40-8fcc-d3e3d3fa293b"
"40679","426a9eb4-07eb-44c2-8b79-2b8e9bffda50"
"41001","44865b78-e905-4272-b42e-a5834aa6dd12"
"41899","4a2f6b7f-eab6-40d6-ab7f-48f633fd63ff"
"43147","524fb5de-1dd5-429b-8749-04347a6562c3"
"43386","5404c001-0b18-4673-aebb-20a2e1b37a59"
"43699","55de2888-ff1c-42af-9e7e-5dcb694c51d9"
"43920","5763a788-7840-4ebd-b661-20c95c13c873"
"43924","576ac90e-744c-41cb-a607-91fcc94a9427"
"44377","5a4cdc98-ff93-4b92-b275-61cfb4fd025c"
"44627","5c106c70-4684-485d-9acb-17c6a2e15db5"
"45004","5eb126d0-fb82-46bf-ac59-f24a48771556"
"45484","61a7e294-5e40-4b38-b289-5791df99d90a"
"45859","6424073c-b4a7-4e5a-9220-712d5d860482"
"46736","6a020cfe-661f-4565-9cbb-f41f3433946d"
"46873","6b2687fc-7de6-4a70-bca2-56befe731070"
"46925","6b97c911-64cd-458c-94d3-e564428333b3"
"47171","6d3079b4-f9b7-4634-ac78-23fde3eafcfd"
"47575","7019a1d9-5663-4efb-81ec-17dc628c1f6d"
"47895","7222ab28-1185-476a-96a0-de2af1e637b7"
"49003","79c542f3-9ad9-4f03-9de2-a4b661e5d21a"
"49134","7abbf919-1a79-4d5c-a350-e7259c2e3d3a"
"49228","7b643541-b9cc-45dd-87e0-f0ca5ebf869e"
"49591","7db32a6c-8051-4ece-bf46-ad2cdde3a516"
"50026","80701863-db0b-4c2a-a698-63e14585242d"
"50488","836b8db8-f1d7-4613-be5c-68e3b0c11e71"
"50822","85a24c45-5b59-4bc0-9c61-708e1661fe02"
"51066","874ba426-5836-4fcc-91e5-b97748046442"
"51118","8797dffd-8d02-4438-9b40-f463e5afed9c"
"51170","87dc446f-4283-44a9-801e-00434732e106"
"51379","894f94ed-3d7d-4f0d-afd8-6b0ceeff7c73"
"52181","8edf859c-8e6a-45f6-8f5d-297a46148393"
"52392","90218d3a-eb41-4155-9d66-6c43575953ec"
"52531","90f1c4c1-4840-4694-b6ee-8c4d7caf1dcb"
"52890","9356c630-3f1b-470b-80c7-19e0e1173bc3"
"53054","945e12be-9214-4dbd-a281-f9eda1df4fb6"
"53325","9632deff-93f5-4c53-81ec-469d5ade2ce6"
"53935","9a38529d-2e39-41e1-b0d6-6fd8940b2e88"
"54383","9d769e30-1a04-49f2-9f00-ea911e80a604"
"54611","9ed37cb4-6ba3-4be4-bd11-e351f5a6060b"
"54944","a0d718f8-c661-11e8-8481-549f35141000"
"55030","a1752a36-f577-4afd-8a88-f3c66c4e0020"
"55235","a2d2d4be-178f-428a-b63e-f2c1ffbf7890"
"55267","a302694d-1ae5-4c1c-a640-f1268961e776"
"55387","a3ca080a-a6c8-4cba-8a2c-c2747e629ec9"
"55619","a56df41d-c347-4bde-bc0d-a4abaea152aa"
"55664","a5b5eea1-2841-47d6-8df9-a575d06a2d0c"
"56031","a85d2e66-eb37-4aaa-b998-789bb9cde5b6"
"56267","a9e25952-02bc-4504-a1cc-226e4dd39921"
"56361","aa7b8756-0fd3-4d9a-a083-30367318f909"
"56395","aab66f49-efc7-4fb5-82ba-ac1af6db3708"
"56407","aac86b9c-a319-4b64-ac08-ef42b6a66399"
"56631","ac570b56-81e4-49ee-8bb4-1265925062e0"
"56712","acd82d27-0fe8-444e-aabe-8f8a8622857c"
"56837","ada8c820-ea24-4a14-98d2-083417302341"
"56923","ae50c8fc-d882-11e8-9017-549f35161576"
"57286","b0d5529b-fe29-4051-aaa6-13368ee5f26a"
"57308","b0fceca8-fcc2-4eea-8937-f092a2976ea4"
"57826","b482e877-9234-4ba5-b269-b06a231f04ae"
"58118","b678c2a8-a68f-4b35-9cd1-55e402b99bd6"
"58236","b73f3842-fa3b-4c5e-9c24-8c70368cb80d"
"59307","bdf4e4dc-5e01-45f2-815c-9fbd4b3b5bbf"
"59679","c053d974-40d3-4d1a-aaca-9c7c892f979e"
"60047","c2cf32d3-f5a7-41db-b81b-232790699763"
"60482","c5ad6f2c-5655-40d9-9091-57a35866bd8a"
"60564","c6348252-1733-44bc-930b-6f4f4bb191e5"
"61338","cb6bfef5-1162-4a13-84e4-55c17e2c920b"
"61472","cc4062f4-2a47-46b7-a9f4-e8e20c958db8"
"61611","cd0e8e1d-0677-4bd8-9ece-ef10396f5268"
"61780","ce1d3825-fd99-4044-8c09-70917dc6a8b4"
"62226","d1666fed-9561-4b5c-9ecc-2473f835557e"
"62251","d1980ee8-66a8-4b26-bb38-fede000c8fe0"
"62259","d1be5fe9-905c-4efb-81b3-661e2f8aecc0"
"62467","d3032749-5585-4074-aae3-e7f5916c46a4"
"62843","d5bad96f-0695-4076-b6fd-6e3604fd40b7"
"63621","daa6d865-5f5a-4811-99e6-685b628953d9"
"63861","dc1ed17c-82c1-448a-827b-796f7d8e90dd"
"63895","dc514e63-3d4b-4913-81de-3353e08fb1a5"
"63992","dd02bc54-4f1a-11ea-ad36-e4434b2a4898"
"64257","def2e8e2-50ef-401d-910a-3da1f891ea10"
"64328","df834af5-3005-4cde-a49c-c490c2b73b1b"
"64612","e18565fe-ce14-461f-94c2-3a6d6709c382"
"65312","e6495c4d-95ed-4281-929a-6a2f01b44e5c"
"66340","ecd9bb38-89c9-4c5a-a148-dce7b167f89b"
"66719","ef89b8c7-eb28-42a2-91b1-8870fe71404d"
"67645","f566ac34-7392-40e4-8740-c66e847d9d9c"
"67935","f7876fe0-0dec-4181-9f95-c9da3a17b387"
"68000","f7e5ba31-a670-493f-852a-2123ba41b872"
"68096","f89e9a40-4804-4b3f-9520-2d33fb255d0c"
"68099","f8a12ee1-faf6-4ece-b26d-d47e0e0618cd"
"68138","f8e981af-f37b-4d31-a354-6a6287e39de3"
"68641","fc7c359e-a1d9-4b2e-8cac-4574083a9255"
"69100","ff8245e7-b902-4181-adf1-22045f07ffde"
"70074","3ff90b97-289a-465e-aca1-f01ca62d3424"
"70658","8dc24feb-5fb4-47d6-b11a-066885d1734a"
"71376","f0f12f0e-2953-4baa-851b-7c977ceb0c77"
"71501","90b543f0-302e-11e9-9e0b-549f35161576"
"1","65598dc8-a3c7-4bfd-8603-780ccc460d21"
"2","83774c46-995d-4960-acb6-1897e62703c6"
